{
    "max_apps":8,
	"defines": {
		"OOPSY_TARGET_PETAL": 1,
		"OOPSY_HAS_ENCODER": 1
	},
    "inserts": [
		{ "where": "header", "code": "#include \"daisy_petal.h\"" },
		{ "where": "header", "code": "typedef daisy::DaisyPetal Daisy;" }
	],
	"labels": {
		"params": {
			"knob1": "kn1",
			"knob2": "kn2",
			"knob3": "kn3",
			"knob4": "kn4",
			"knob5": "kn5",
			"knob6": "kn6",
			"sw1": "sw1",
			"sw2": "sw2",
			"sw3": "sw3",
			"sw4": "sw4",
			"sw5": "sw5",
			"sw6": "sw6",
			"sw7": "sw7",
			"exp1": "exp",

			"ctrl1": "kn1",
			"ctrl2": "kn2",
			"ctrl3": "kn3",
			"ctrl4": "kn4",
			"ctrl5": "kn5",
			"ctrl6": "kn6",
			"switch1": "sw1",
			"switch2": "sw2",
			"switch3": "sw3",
			"switch4": "sw4",
			"switch5": "sw5",
			"switch6": "sw6",
			"switch7": "sw7",
			"knob": "kn1",
			"ctrl": "kn1",
			"switch": "sw1",
			"exp": "exp",
			"expression": "exp"
		},
		"outs": {
			"led1": "led1",
			"led2": "led2",
			"led3": "led3",
			"led4": "led4"
		},
		"datas": {}
	},
	"inputs": {
		"kn1": {
			"automap": true,
        	"code": "hardware.GetKnobValue(hardware.KNOB_1);"
		},
		"kn2": {
			"automap": true,
        	"code": "hardware.GetKnobValue(hardware.KNOB_2);"
		},
		"kn3": {
			"automap": true,
        	"code": "hardware.GetKnobValue(hardware.KNOB_3);"
		},
		"kn4": {
			"automap": true,
        	"code": "hardware.GetKnobValue(hardware.KNOB_4);"
		},
		"kn5": {
			"automap": true,
        	"code": "hardware.GetKnobValue(hardware.KNOB_5);"
		},
		"kn6": {
			"automap": true,
        	"code": "hardware.GetKnobValue(hardware.KNOB_6);"
		},
		"sw1": {
			"code": "(hardware.switches[0].Pressed()?1.f:0.f);"
		},
		"sw2": {
			"code": "(hardware.switches[1].Pressed()?1.f:0.f);"
		},
		"sw3": {
			"code": "(hardware.switches[2].Pressed()?1.f:0.f);"
		},
		"sw4": {
			"code": "(hardware.switches[3].Pressed()?1.f:0.f);"
		},
		"sw5": {
			"code": "(hardware.switches[4].Pressed()?1.f:0.f);"
		},
		"sw6": {
			"code": "(hardware.switches[5].Pressed()?1.f:0.f);"
		},
		"sw7": {
			"code": "(hardware.switches[6].Pressed()?1.f:0.f);"
		},
		"exp": {
			"code": "(hardware.GetExpression());"
		}
	},
	"outputs": {
		"led1": {
			"where": "display",
			"code": "hardware.SetFootswitchLed(daisy::DaisyPetal::FOOTSWITCH_LED_1, $<name>);"
		},
		"led2": {
			"where": "display",
			"code": "hardware.SetFootswitchLed(daisy::DaisyPetal::FOOTSWITCH_LED_2, $<name>);"
		},
		"led3": {
			"where": "display",
			"code": "hardware.SetFootswitchLed(daisy::DaisyPetal::FOOTSWITCH_LED_3, $<name>);"
		},
		"led4": {
			"where": "display",
			"code": "hardware.SetFootswitchLed(daisy::DaisyPetal::FOOTSWITCH_LED_4, $<name>);"
		}
	},
    "datahandlers": {
	}
}