{
  "max_apps":8,
  "defines": {
    "OOPSY_TARGET_PATCH_SM": 1,
    "OOPSY_IO_COUNT": 2
  },
  "inserts": [
    { "where": "header", "code": "#include \"daisy_patch_sm.h\"" },
    { "where": "header", "code": "typedef daisy::patch_sm::DaisyPatchSM Daisy;" },
    { "where": "header", "code": "daisy::Switch sw_class;" },
    { "where": "init", "code": "sw_class.Init(oopsy::daisy.hardware.B8, 1000);"},
    { "where": "audio", "code": "sw_class.Debounce();" },

    { "where": "header", "code": "daisy::Switch button_class;" },
    { "where": "init", "code": "button_class.Init(oopsy::daisy.hardware.B7, 1000);"},
    { "where": "audio", "code": "button_class.Debounce();" }
  ],
  "labels": {
    "params": {
      "knob1": "kn1",
      "knob2": "kn2",
      "knob3": "kn3",
      "knob4": "kn4",
      "gate1": "gt1",
      "gate2": "gt2",

      "sw": "sw",
      "sw1": "sw",
      "sw2": "button",
      "button": "button",
      "press": "button",

      "knob": "kn1",
      "cv": "kn1",
      "cv1": "kn1",
      "cv2": "kn2",
      "cv3": "kn3",
      "cv4": "kn4",
      "cv5": "cv5",
      "cv6": "cv6",
      "cv7": "cv7",
      "cv8": "cv8",

      "ctrl": "kn1",
      "ctrl1": "kn1",
      "ctrl2": "kn2",
      "ctrl3": "kn3",
      "ctrl4": "kn4",

      "gate": "gt1",

      "CV_1": "kn1",
      "CV_2": "kn2",
      "CV_3": "kn3",
      "CV_4": "kn4",
      "CV_5": "cv5",
      "CV_6": "cv6",
      "CV_7": "cv7",
      "CV_8": "cv8",

      "B7": "button",
      "B8": "sw",

      "B10": "gt1",
      "B9": "gt2",
      "gate_in_1": "gt1",
      "gate_in_2": "gt2"
    },
    "outs": {
      "cvout1": "cvout1",
      "cvout2": "cvout2",
      
      "cv1": "cvout1",
      "cv2": "cvout2",
      "gate1": "gateout1",
      "gate2": "gateout2",

      "cv": "cvout1",
      "led": "cvout2",
      "gate": "gateout1",

      "CV_OUT_1": "cvout1",
      "C10": "cvout1",
      "CV_OUT_2": "cvout2",

      "B5": "gateout1",
      "B6": "gateout2",
      "gate_out_1": "gateout1",
      "gate_out_2": "gateout2"
    },
    "datas": {}
  },
  "inputs": {
    "kn1": {
      "automap": true,
      "code": "hardware.GetAdcValue(daisy::patch_sm::CV_1);"
    },
    "kn2": {
      "automap": true,
      "code": "hardware.GetAdcValue(daisy::patch_sm::CV_2);"
    },
    "kn3": {
      "automap": true,
      "code": "hardware.GetAdcValue(daisy::patch_sm::CV_3);"
    },
    "kn4": {
      "automap": true,
      "code": "hardware.GetAdcValue(daisy::patch_sm::CV_4);"
    },
    "cv5": {
      "automap": true,
      "code": "hardware.GetAdcValue(daisy::patch_sm::CV_5);"
    },
    "cv6": {
      "automap": true,
      "code": "hardware.GetAdcValue(daisy::patch_sm::CV_6);"
    },
    "cv7": {
      "automap": true,
      "code": "hardware.GetAdcValue(daisy::patch_sm::CV_7);"
    },
    "cv8": {
      "automap": true,
      "code": "hardware.GetAdcValue(daisy::patch_sm::CV_8);"
    },
    "gt1": {
      "code": "(hardware.gate_in_1.State()?1.f:0.f);"
    },
    "gt2": {
      "code": "(hardware.gate_in_2.State()?1.f:0.f);"
    },
    "button": {
      "code": "(button_class.Pressed() ? 1.f : 0.f);"
    },
    "sw": {
      "code": "(sw_class.Pressed() ? 1.f : 0.f);"
    }
  },
  "outputs": {
    "cvout1": {
      "where": "main",
      "code": "hardware.WriteCvOut(daisy::patch_sm::CV_OUT_1, $<name> * 5.f);"
    },
    "cvout2": {
      "where": "main",
      "code": "hardware.WriteCvOut(daisy::patch_sm::CV_OUT_2, $<name> * 5.f);"
    },
    "gateout1":  {
      "where": "audio",
      "code": "dsy_gpio_write(&hardware.gate_out_1, $<name> > 0.f);"
    },
    "gateout2":  {
      "where": "audio",
      "code": "dsy_gpio_write(&hardware.gate_out_2, $<name> > 0.f);"
    }
  },   
  "datahandlers": {}
}
