{
    "max_apps":1,
	"defines": {
		"OOPSY_TARGET_POD": 1,
		"OOPSY_TARGET_HAS_MIDI_INPUT": 1,
		"OOPSY_HAS_ENCODER": 1
	},
    "inserts": [
		{ "where": "header", "code": "#include \"daisy_pod.h\"" },
		{ "where": "header", "code": "typedef daisy::DaisyPod Daisy;" },
		{ "where": "post_audio", "code": "hardware.UpdateLeds();" }
	],
	"labels": {
		"params": {
			"knob1": "kn1",
			"knob2": "kn2",
			"sw1": "sw1",
			"sw2": "sw2",
			"sw3": "enp",
			"encoder": "enc",

			"ctrl1": "kn1",
			"ctrl2": "kn2",
			"switch1": "sw1",
			"switch2": "sw2",
			"switch3": "enp",
			"knob": "kn1",
			"ctrl": "kn1",
			"switch": "sw1",
			"press": "enp"
		},
		"outs": {
			"led1": "led1",
			"led2": "led2",

			"led": "led1"
		},
		"datas": {}
	},
	"inputs": {
		"kn1": {
			"automap": true,
        	"code": "hardware.GetKnobValue(hardware.KNOB_1);"
		},
		"kn2": {
			"automap": true,
        	"code": "hardware.GetKnobValue(hardware.KNOB_2);"
		},
		"sw1": {
			"code": "(hardware.button1.Pressed()?1.f:0.f);"
		},
		"sw2": {
			"code": "(hardware.button2.Pressed()?1.f:0.f);"
		},
		"enc": {
			"code": "(hardware.encoder.Increment()*0.5f+0.5f);"
		},
		"enp": {
			"code": "(hardware.encoder.Pressed());"
		}
	},
	"outputs": {
		"led1": {
			"where": "audio",
			"code": "hardware.led1.Set(clamp(-$<name>, 0.f, 1.f), clamp($<name>, 0.f, 1.f), 0.f);"
		},
		"led2": {
			"where": "audio",
			"code": "hardware.led2.Set(clamp(-$<name>, 0.f, 1.f), clamp($<name>, 0.f, 1.f), 0.f);"
		}
	},
    "datahandlers": {}
}